model,fit_time,score_time,test_recall,test_precision,test_accuracy,test_f1
LogisticRegression(random_state=0),17.28706+-1.80007,0.67354+-0.03279,0.17599+-0.32734,0.4676+-0.42596,0.83507+-0.18145,0.05691+-0.06963
BernoulliNB(),3.65064+-0.0454,0.88761+-0.04036,0.43269+-0.23865,0.66543+-0.41127,0.80936+-0.22701,0.3486+-0.15436
"DecisionTreeClassifier(criterion='entropy', random_state=0)",31.66823+-4.27307,0.67165+-0.05365,0.26323+-0.36996,0.4206+-0.4737,0.5376+-0.33294,0.08286+-0.07389
