model,fit_time,score_time,test_neg_mean_squared_error,test_neg_root_mean_squared_error,test_r2
LinearRegression(),4.39957+-0.10042,0.23187+-0.02261,-424.86979+-169.6886,-20.21288+-4.03847,0.03918+-0.0151
Ridge(random_state=0),2.97018+-0.03758,0.22874+-0.01579,-424.86979+-169.6886,-20.21288+-4.03847,0.03918+-0.0151
Lasso(random_state=0),3.60704+-0.0696,0.22455+-0.02578,-432.11711+-177.53857,-20.36155+-4.18619,0.02727+-0.00563
